INFORMACIÃN GENERAL DEL HOSPITAL ,,,,,,,,
HOSPITAL ,DOCTOR,KEYWORDS,ESPECIALIDAD,UBICACIÃN ,TELÃFONO,ISSUE,INFO ADICIONAL,RECOMENDACIONES
Betania,,,,"Av 11 Ote 1826, Azcarate, 72501 Puebla, Pue.",222 213 83 00,,"Somos parte del Top 10 Zona Centro de los Mejores Hospitales Privados de MÃ©xico. SegÃºn el ranking ""Los Mejores Hospitales Privados de MÃ©xico"" 2022 de FUNSALUD, Blutitude y ExpansiÃ³n.",
,,"Pagos, informaciÃ³n general ",,,,Formas de pago,"Contamos con accesibles formas de pago con efectivo, tarjeta de dÃ©bito y crÃ©dito y cheques, convenios con empresas y aseguradoras.",
,,"Pagos, informaciÃ³n general ",,,,Financiamiento con Alivio Capital,"Te brindamos la facilidad de cuidar de tu salud a travÃ©s de Alivio Capital, un crÃ©dito que va desde 4,000 hasta 500,000 pesos en gastos hospitalarios.",
,,"Seguros, informaciÃ³n general",,,,TrÃ¡mite con Aseguradoras,"Dentro de nuestras instalaciones contamos con el servicio de Amigo Muguerza, quien te podrÃ¡ auxiliar en el trÃ¡mite con tu compaÃ±Ã­a aseguradora",
,,,AntÃ­geno ProstÃ¡tico Total (PSA Total),,,,"El estudio de antÃ­geno prostÃ¡tico total mide los niveles elevados de PSA en suero que son reportados en hombres con cÃ¡ncer prostÃ¡tico, hipertrofia prostÃ¡tica benigna y condiciones inflamatorias de la prÃ³stata.",
,,,CÃ¡ncer de Mama,,,,"SÃ­ntomas mÃ¡s comunes: Masa palpable en las mamas. Salida de secreciÃ³n por el pezÃ³n. RetracciÃ³n del pezÃ³n. Cambios en la piel, en la forma, el tamaÃ±o o la apariencia de la mama.",
,,,MamografÃ­a,,,,Una mamografÃ­a consiste en obtener una placa radiogrÃ¡fica de la mama mediante rayos x de baja dosis. Estas imÃ¡genes permiten visualizar la estructura interna del seno para detectar anomalÃ­as imperceptibles al tacto.,
,,,COVID-19,,,,Nuestros hospitales y centros estÃ¡n preparados para atender desde el diagnÃ³stico oportuno hasta brindar una atenciÃ³n crÃ­tica,
,,CirugÃ­as Generales,ApendicectomÃ­a,,,,"La apendicectomÃ­a es un procedimiento quirÃºrgico que se realiza con el fin de extirpar el apÃ©ndice cuando se encuentra inflamado e infectado. A este padecimiento se le conoce como apendicitis. El apÃ©ndice es una pequeÃ±a bolsa adherida al intestino grueso, y se encuentra en la parte inferior derecha del abdomen. Generalmente, una apendicectomÃ­a es una cirugÃ­a de emergencia, ya que si no se trata de inmediato, el apÃ©ndice puede estallar y propagar la infecciÃ³n. Este procedimiento se lleva a cabo por medio de una laparoscopÃ­a, un mÃ©todo quirÃºrgico de invasiÃ³n mÃ­nima que consiste en hacer tres pequeÃ±as incisiones a la altura del abdomen.",